fare_amount,fare_class,passenger_count,Year,Month,Day,Hours,Minutes,mornight,Total distance
13.7,1,4,2010,4,18,13,11,1,3.1248829686219297
10.9,1,1,2010,4,20,11,27,0,4.021699174763792
8.1,0,2,2010,4,17,14,20,1,1.8679044015848871
14.5,1,1,2010,4,18,4,38,0,5.332206782226441
5.7,0,1,2010,4,23,13,35,1,1.2277391765139425
4.9,0,1,2010,4,23,4,29,0,0.8207588308869902
14.67,1,1,2010,4,21,19,19,1,3.6353913558667807
8.9,0,1,2010,4,13,11,29,0,1.3372001890368288
10.5,1,1,2010,4,14,8,14,0,4.01068911875827
8.9,0,1,2010,4,21,19,45,1,2.7889500469534045
14.1,1,1,2010,4,17,18,38,1,4.963326640946575
6.9,0,2,2010,4,12,5,26,0,0.8568533295529402
11.3,1,1,2010,4,23,15,58,1,3.5144478563260866
9.7,0,1,2010,4,11,10,40,0,2.639201349147686
10.1,1,1,2010,4,23,15,36,1,3.9998443590529518
5.7,0,1,2010,4,18,10,2,0,1.3256839621665983
16.9,1,1,2010,4,11,19,55,1,6.355305471133191
5.3,0,1,2010,4,23,6,55,0,1.0349732339258912
4.5,0,1,2010,4,17,23,36,1,0.6623673790006183
7.3,0,2,2010,4,24,13,50,1,1.6384454435406843
5.3,0,3,2010,4,22,15,7,1,1.1755653053544515
6.1,0,3,2010,4,13,12,6,1,1.6765309873966223
8.5,0,2,2010,4,24,20,29,1,2.072504094022278
20.9,1,2,2010,4,22,6,46,0,8.632314100109284
12.1,1,1,2010,4,11,7,13,0,4.790353594377904
14.1,1,1,2010,4,13,21,51,1,7.542812696914309
6.9,0,1,2010,4,20,11,44,0,2.7038070353400934
4.5,0,1,2010,4,21,7,8,0,1.2531309058336344
6.1,0,1,2010,4,11,2,25,0,1.534565183624892
3.7,0,1,2010,4,21,6,7,0,0.7184520613313874
4.9,0,1,2010,4,23,3,27,0,1.3100298342327334
25.3,1,1,2010,4,23,1,20,0,12.79680701863089
3.7,0,2,2010,4,16,17,59,1,0.5577799537376502
17.3,1,1,2010,4,21,14,9,1,7.042924737975279
5.7,0,1,2010,4,21,15,0,1,1.3437150966569265
9.7,0,1,2010,4,22,10,53,0,2.6992120910516753
5.3,0,2,2010,4,24,17,45,1,1.5109950427176635
4.5,0,1,2010,4,19,13,57,1,0.7949892987203682
4.1,0,1,2010,4,24,11,31,0,0.5526498712593042
3.7,0,1,2010,4,16,18,19,1,0.2928679634676555
20.9,1,1,2010,4,23,19,54,1,10.263018166806644
8.5,0,1,2010,4,16,15,3,1,2.0209280628526964
4.1,0,1,2010,4,23,22,7,1,0.5860124041035606
3.3,0,1,2010,4,13,19,28,1,0.5269132271095512
7.3,0,1,2010,4,22,17,15,1,2.749881208673669
7.3,0,1,2010,4,16,8,53,0,2.613488173547451
6.1,0,3,2010,4,11,15,50,1,0.8030173968557242
7.3,0,1,2010,4,17,10,7,0,1.1508937774737387
7.3,0,2,2010,4,20,5,55,0,0.7584721246994162
4.5,0,1,2010,4,24,21,37,1,0.7878566835388097
8.1,0,1,2010,4,17,10,56,0,1.297123105056078
14.5,1,1,2010,4,14,20,18,1,5.5183967702321075
10.5,1,1,2010,4,13,23,55,1,4.356471073235496
8.1,0,3,2010,4,14,19,47,1,2.494440846524338
6.5,0,1,2010,4,15,23,0,1,1.5997566619452033
12.9,1,1,2010,4,12,17,40,1,5.195299661704449
3.7,0,2,2010,4,18,1,16,0,0.9887718249886112
3.7,0,1,2010,4,24,11,46,0,0.7700468759115251
6.9,0,1,2010,4,13,7,58,0,0.98855851834023
10.5,1,1,2010,4,21,7,13,0,3.1001388109545953
6.1,0,1,2010,4,21,6,13,0,2.0121740208485703
3.7,0,1,2010,4,15,14,15,1,0.6083145783748478
13.3,1,1,2010,4,15,12,22,1,5.08571900462582
7.7,0,1,2010,4,15,5,58,0,2.8305227657564167
5.7,0,1,2010,4,18,19,57,1,1.5023730375560327
6.5,0,2,2010,4,23,16,38,1,1.1463693214285415
12.9,1,2,2010,4,21,21,35,1,6.587523974322257
11.3,1,1,2010,4,20,1,40,0,4.749750065867626
13.3,1,2,2010,4,17,6,17,0,5.292974430099067
14.1,1,3,2010,4,16,0,45,0,6.738422584819619
12.9,1,1,2010,4,24,21,54,1,3.612889099299909
5.7,0,1,2010,4,20,12,40,1,2.1526998237406474
15.7,1,1,2010,4,16,12,30,1,4.7044060004031305
24.9,1,1,2010,4,14,11,56,0,11.48612399456695
8.1,0,1,2010,4,14,17,17,1,2.670809747165322
12.1,1,1,2010,4,18,13,39,1,3.8061889394782087
3.7,0,2,2010,4,14,15,39,1,0.8023833167465193
10.1,1,1,2010,4,17,9,26,0,4.839628579630565
14.9,1,4,2010,4,17,18,53,1,6.280085954481235
4.1,0,1,2010,4,22,6,11,0,1.1701230490870893
14.1,1,1,2010,4,15,16,45,1,6.8346329996600925
13.7,1,2,2010,4,23,21,14,1,6.441392209039095
16.1,1,1,2010,4,13,21,15,1,5.120690195833896
4.1,0,1,2010,4,21,3,23,0,0.7872285552774138
4.5,0,2,2010,4,24,16,23,1,1.122215821977713
10.9,1,1,2010,4,18,11,53,0,4.2555713486026026
4.9,0,1,2010,4,11,9,3,0,1.8919357264439143
6.5,0,1,2010,4,14,18,49,1,2.3319936324231674
5.3,0,1,2010,4,20,7,18,0,1.3654062611419848
6.1,0,1,2010,4,14,11,34,0,1.6346023893911927
7.7,0,2,2010,4,16,3,18,0,2.404636865686727
6.1,0,1,2010,4,11,4,45,0,1.786510367379736
16.5,1,2,2010,4,15,22,59,1,8.979018023941713
8.1,0,1,2010,4,22,10,46,0,2.0370124284297075
8.1,0,2,2010,4,14,13,12,1,2.490963486424932
29.47,1,1,2010,4,14,2,50,0,9.35044163300178
17.3,1,1,2010,4,15,15,23,1,4.573422550665831
4.5,0,1,2010,4,22,2,26,0,0.718961673605278
4.5,0,1,2010,4,14,8,20,0,0.9416465710376434
5.3,0,2,2010,4,19,18,26,1,0.6996538947494423
49.57,1,1,2010,4,13,9,57,0,20.09262863181877
10.9,1,1,2010,4,24,23,13,1,3.8806032071577916
10.5,1,1,2010,4,11,20,52,1,4.806781347100326
6.9,0,2,2010,4,24,20,16,1,1.9891775395706475
12.1,1,1,2010,4,16,20,11,1,4.2498526665515595
5.3,0,3,2010,4,13,14,6,1,1.527723600708455
7.3,0,1,2010,4,23,20,7,1,2.3191488212538376
7.3,0,1,2010,4,23,21,2,1,1.3861987552112796
45.3,1,2,2010,4,18,10,4,0,17.21164604498429
6.9,0,1,2010,4,15,8,50,0,1.0590950125885723
9.3,0,2,2010,4,22,18,38,1,4.087241553536823
4.1,0,1,2010,4,24,21,55,1,0.6335420259324344
11.7,1,1,2010,4,18,2,21,0,6.417238374399172
4.5,0,3,2010,4,18,0,17,0,1.1491756792252383
5.3,0,3,2010,4,24,0,37,0,1.3231421453818846
9.3,0,1,2010,4,23,18,1,1,4.211492760341193
15.7,1,1,2010,4,20,20,10,1,4.006246741696942
10.1,1,3,2010,4,18,10,4,0,2.1938348790146325
8.1,0,1,2010,4,22,10,5,0,0.8646512864622085
3.7,0,1,2010,4,13,18,39,1,0.6797027808447288
7.3,0,1,2010,4,11,5,31,0,2.1054968417935203
6.1,0,1,2010,4,23,12,51,1,1.7702893048830843
8.9,0,1,2010,4,15,14,6,1,2.6213166935190246
13.7,1,1,2010,4,17,22,58,1,4.430954611063442
4.1,0,3,2010,4,18,14,1,1,0.5352630804265215
11.3,1,1,2010,4,21,10,33,0,2.7132335707269957
6.5,0,1,2010,4,21,16,25,1,1.5399764021728417
6.5,0,1,2010,4,16,13,38,1,1.71796186638837
7.3,0,1,2010,4,18,9,50,0,1.9366705559975081
3.3,0,1,2010,4,19,5,52,0,0.5209890527246248
10.5,1,1,2010,4,24,0,43,0,4.80087130535117
11.3,1,2,2010,4,24,8,1,0,4.024358506611727
7.3,0,1,2010,4,23,18,59,1,2.5415924836703474
2.5,0,2,2010,4,23,22,11,1,0.013857722744548013
6.5,0,1,2010,4,15,12,20,1,1.7058825157560802
4.5,0,2,2010,4,22,15,48,1,0.8412044692651041
10.1,1,1,2010,4,12,12,32,1,2.829161480407566
3.7,0,1,2010,4,24,10,42,0,0.5741575862826521
5.3,0,2,2010,4,13,0,26,0,1.4046637511909552
7.3,0,2,2010,4,18,8,42,0,2.6874176831957937
6.1,0,1,2010,4,12,20,8,1,2.781984983835982
7.3,0,2,2010,4,17,2,19,0,2.15962894878536
10.1,1,1,2010,4,16,4,52,0,2.2929300102425305
6.1,0,1,2010,4,18,6,54,0,1.974825232653512
5.7,0,1,2010,4,13,17,15,1,1.2460681789412518
5.7,0,1,2010,4,15,9,18,0,1.2022630279949948
4.1,0,1,2010,4,12,16,58,1,0.8970752825001088
4.9,0,2,2010,4,22,3,46,0,1.60590243985607
10.1,1,1,2010,4,13,17,28,1,2.7651213839473527
18.1,1,1,2010,4,19,4,2,0,5.583990465921083
20.5,1,1,2010,4,11,0,25,0,8.237855454511976
7.3,0,1,2010,4,22,20,2,1,2.0556243098307276
6.9,0,3,2010,4,19,10,6,0,1.8004728629860334
12.9,1,1,2010,4,22,18,18,1,5.2186065911296105
10.9,1,1,2010,4,20,4,28,0,3.495921568698018
9.7,0,3,2010,4,23,22,27,1,3.0834178657682623
10.9,1,1,2010,4,15,15,58,1,3.43892021149964
10.5,1,1,2010,4,17,19,48,1,3.295231149542284
14.9,1,3,2010,4,17,13,33,1,6.65828394595757
8.1,0,2,2010,4,14,14,30,1,2.890955770961852
5.7,0,1,2010,4,14,2,10,0,1.268454300729659
5.7,0,1,2010,4,18,0,51,0,1.2278158080759711
6.5,0,1,2010,4,13,10,50,0,1.3426989110156644
8.5,0,1,2010,4,16,13,49,1,2.2492153122648157
10.9,1,1,2010,4,15,15,52,1,3.6802227997204624
5.3,0,2,2010,4,14,17,0,1,1.5683031523848145
10.1,1,1,2010,4,18,15,39,1,4.081613714467643
22.5,1,1,2010,4,22,8,26,0,9.76097488366562
3.7,0,2,2010,4,23,17,52,1,0.6450633218080417
17.7,1,1,2010,4,18,21,3,1,6.7938300577526665
8.5,0,1,2010,4,11,8,56,0,2.501792604060089
6.9,0,2,2010,4,22,21,55,1,2.500387897076909
4.9,0,1,2010,4,15,5,46,0,0.9005658720014954
6.1,0,3,2010,4,19,5,13,0,1.6889435879823425
6.9,0,1,2010,4,16,6,2,0,2.592970032437044
4.9,0,1,2010,4,12,5,59,0,1.316524452631747
4.5,0,1,2010,4,13,17,40,1,1.2961087726311462
10.1,1,1,2010,4,23,5,38,0,1.9444407342288939
4.5,0,1,2010,4,15,19,21,1,0.9595957042918087
3.7,0,1,2010,4,19,5,17,0,0.7219778230119616
6.1,0,2,2010,4,15,6,39,0,1.1407871008388828
7.3,0,2,2010,4,17,14,46,1,2.5399222747095234
28.1,1,2,2010,4,20,13,15,1,13.211680220032122
5.3,0,1,2010,4,22,20,30,1,1.1704642446299494
6.9,0,2,2010,4,14,14,41,1,2.2706860236654
13.3,1,1,2010,4,13,0,3,0,9.50728103145231
4.9,0,1,2010,4,16,11,13,0,0.4576080837541456
10.1,1,2,2010,4,18,7,11,0,3.2833666392835226
15.7,1,1,2010,4,17,0,12,0,8.243938111506958
37.6,1,1,2010,4,23,7,25,0,12.887018662578852
9.3,0,1,2010,4,11,15,48,1,3.453278259044326
12.1,1,4,2010,4,20,7,50,0,4.320953701392327
45.0,1,1,2010,4,20,0,18,0,20.939058623979992
12.5,1,1,2010,4,21,6,15,0,5.499984615837532
6.5,0,1,2010,4,17,7,39,0,2.3003833701023577
9.7,0,3,2010,4,24,13,18,1,3.423956417361252
13.3,1,2,2010,4,15,6,33,0,5.295321555298855
32.67,1,2,2010,4,21,7,31,0,9.631484252314674
6.9,0,1,2010,4,13,7,12,0,5.951331640540566
6.9,0,2,2010,4,14,10,34,0,1.2276632909159975
4.9,0,1,2010,4,17,5,32,0,1.3821210547637244
4.9,0,1,2010,4,15,4,58,0,1.1855569606275218
4.5,0,1,2010,4,11,9,34,0,0.8686443384444518
7.7,0,5,2010,4,20,19,33,1,2.1237188972143333
7.7,0,1,2010,4,15,14,14,1,3.541299276204628
8.1,0,1,2010,4,22,4,26,0,2.2602696427581006
9.3,0,2,2010,4,23,16,11,1,2.3869564629340254
7.3,0,1,2010,4,22,8,48,0,1.9164915637925632
19.7,1,1,2010,4,24,15,55,1,9.533836578508861
6.5,0,1,2010,4,21,19,16,1,1.7469419637475976
6.9,0,1,2010,4,23,8,9,0,2.6341651473644183
6.1,0,3,2010,4,18,10,2,0,1.3238445904383347
8.5,0,1,2010,4,18,4,27,0,2.7208126139242585
4.9,0,1,2010,4,19,6,4,0,0.5185235256315819
12.1,1,1,2010,4,21,15,28,1,5.2441113317967085
16.5,1,1,2010,4,22,19,59,1,3.3208247241279842
10.5,1,1,2010,4,15,5,17,0,2.412185899034582
5.3,0,2,2010,4,15,18,17,1,0.594225157320087
8.1,0,1,2010,4,12,1,37,0,3.0504610502873533
8.1,0,2,2010,4,21,18,52,1,0.818269879263375
5.7,0,1,2010,4,17,20,41,1,1.3443365702141437
4.5,0,1,2010,4,15,11,3,0,1.3864924265548837
18.5,1,1,2010,4,11,21,7,1,7.106319281163923
4.1,0,1,2010,4,16,1,37,0,0.7382639463096171
8.1,0,1,2010,4,13,9,56,0,3.113406213435712
8.9,0,1,2010,4,21,15,38,1,2.1900153527574595
5.7,0,1,2010,4,23,4,39,0,1.3072326461434192
6.9,0,1,2010,4,23,10,43,0,0.7780015689437688
4.5,0,2,2010,4,24,20,31,1,1.1534751512215036
6.9,0,1,2010,4,18,12,20,1,1.088018784290498
14.1,1,1,2010,4,20,4,45,0,4.120861028521922
6.1,0,1,2010,4,15,16,34,1,1.9278282561063895
14.1,1,1,2010,4,20,6,17,0,3.953579769275856
46.1,1,1,2010,4,18,17,24,1,24.618680883337188
6.9,0,1,2010,4,12,16,27,1,1.9309305367783107
15.3,1,1,2010,4,17,19,41,1,6.417468407111924
5.3,0,2,2010,4,12,17,21,1,1.789722323461779
5.7,0,4,2010,4,23,19,16,1,1.437098985202953
9.3,0,2,2010,4,15,6,34,0,3.6409120703599367
11.3,1,1,2010,4,15,16,10,1,4.450629550232346
5.7,0,1,2010,4,22,17,31,1,1.3426846799547152
27.47,1,1,2010,4,14,5,43,0,10.145263142324135
3.7,0,2,2010,4,21,22,6,1,0.8662364037804621
3.7,0,1,2010,4,20,2,31,0,0.7234245349968569
9.3,0,1,2010,4,16,13,25,1,3.045186260308337
5.7,0,1,2010,4,14,2,21,0,1.6713367192213744
5.3,0,2,2010,4,23,17,26,1,0.7225577358710991
16.5,1,4,2010,4,21,9,9,0,5.578576544049503
25.3,1,1,2010,4,12,16,8,1,10.883149675553124
10.5,1,2,2010,4,15,16,56,1,0.16548236261456897
4.5,0,1,2010,4,24,15,46,1,1.2175312440518549
14.9,1,1,2010,4,11,4,26,0,7.983756907736151
26.0,1,1,2010,4,21,10,38,0,7.918423252827091
9.3,0,1,2010,4,17,21,59,1,2.5817385794448877
9.3,0,1,2010,4,23,4,20,0,2.4599995175999707
3.7,0,1,2010,4,19,20,51,1,0.8511426864786773
8.1,0,1,2010,4,14,3,4,0,2.4591239433864853
6.9,0,1,2010,4,14,15,42,1,2.2262841395825013
15.7,1,1,2010,4,16,18,41,1,5.964268366636069
2.9,0,1,2010,4,15,5,50,0,0.3207131698831033
49.57,1,1,2010,4,11,15,59,1,20.64602222962127
33.07,1,1,2010,4,12,5,20,0,10.615491409296496
12.9,1,1,2010,4,13,7,35,0,5.838623256862474
12.5,1,1,2010,4,19,3,12,0,4.980235328154009
8.1,0,1,2010,4,14,9,1,0,2.4421310371497156
7.3,0,1,2010,4,21,17,42,1,2.0252451413506947
11.3,1,2,2010,4,23,20,39,1,4.161220648401144
5.3,0,1,2010,4,14,6,51,0,0.7189765527849248
12.5,1,1,2010,4,17,8,31,0,6.266081834638174
32.67,1,2,2010,4,11,15,4,1,10.314305980096417
6.9,0,2,2010,4,14,12,44,1,1.7620529507273741
8.5,0,1,2010,4,21,9,18,0,3.106598367081419
7.3,0,1,2010,4,17,17,42,1,2.266550744706149
6.5,0,1,2010,4,18,5,50,0,2.9165654011631545
21.3,1,1,2010,4,16,9,53,0,7.72977362416521
5.3,0,4,2010,4,24,17,2,1,1.0136823228207057
11.7,1,1,2010,4,17,6,53,0,5.177592052125503
4.9,0,1,2010,4,19,22,19,1,0.7378874490958701
8.1,0,1,2010,4,21,13,37,1,2.615722159719094
8.1,0,1,2010,4,13,18,5,1,2.2631230491844714
18.5,1,2,2010,4,16,19,27,1,5.2574268824565396
4.9,0,1,2010,4,14,10,39,0,1.1173206874937518
4.9,0,1,2010,4,12,15,42,1,1.0434013430586275
18.1,1,1,2010,4,23,21,51,1,5.988156411479676
6.5,0,1,2010,4,14,15,49,1,2.24010109805833
4.9,0,5,2010,4,21,13,44,1,1.1100827323735478
5.3,0,1,2010,4,19,8,30,0,0.7753670807160912
6.5,0,1,2010,4,11,6,41,0,2.5044197976873375
6.5,0,1,2010,4,16,7,3,0,0.8579020645612057
7.7,0,1,2010,4,15,12,40,1,2.136960314841441
10.5,1,1,2010,4,16,7,22,0,2.1190874977513894
14.5,1,1,2010,4,12,7,5,0,4.821658557023322
17.3,1,1,2010,4,14,19,34,1,7.701447414718389
4.9,0,1,2010,4,17,5,31,0,1.718654629518688
6.1,0,1,2010,4,20,13,34,1,1.8141327859387941
14.5,1,1,2010,4,18,17,36,1,1.656103760112886
14.1,1,2,2010,4,15,12,24,1,5.24812231468425
26.27,1,1,2010,4,15,5,3,0,9.651713049025297
23.7,1,2,2010,4,23,23,59,1,7.421115420862562
3.7,0,1,2010,4,17,5,23,0,0.39584260079894956
3.7,0,1,2010,4,17,5,55,0,0.9082750213005871
5.7,0,1,2010,4,18,12,27,1,1.3268225753398315
10.1,1,1,2010,4,17,9,2,0,0.7141058879362285
6.9,0,1,2010,4,18,11,59,0,2.715584298630111
11.3,1,1,2010,4,14,15,32,1,4.715022109052247
49.57,1,1,2010,4,22,2,2,0,19.67381586868095
19.7,1,1,2010,4,23,4,22,0,7.3033048520246275
5.7,0,1,2010,4,15,15,53,1,1.1236914808401652
4.9,0,1,2010,4,13,19,27,1,1.5885958361308476
10.5,1,1,2010,4,16,6,15,0,2.627240101285637
14.9,1,1,2010,4,23,15,32,1,5.033276000080707
10.9,1,2,2010,4,23,14,7,1,2.5925278782627257
7.3,0,1,2010,4,21,10,3,0,1.5070552096814984
7.3,0,1,2010,4,15,7,43,0,1.6657165481861014
7.3,0,1,2010,4,15,7,28,0,2.0286788724023035
8.5,0,1,2010,4,22,17,50,1,3.6284715780042283
8.5,0,2,2010,4,22,8,55,0,1.6592197654167422
8.1,0,2,2010,4,24,10,16,0,2.9835123040335425
6.1,0,2,2010,4,11,9,52,0,1.4579197991781396
10.9,1,1,2010,4,15,18,17,1,3.9182315379010006
7.7,0,5,2010,4,17,20,16,1,2.538146544687049
5.3,0,1,2010,4,12,2,58,0,1.5337006485806755
6.9,0,1,2010,4,22,4,51,0,1.778276518374369
5.3,0,1,2010,4,11,18,49,1,1.1875975471301037
5.3,0,1,2010,4,20,18,33,1,1.5146036039259847
4.5,0,2,2010,4,15,18,3,1,0.9484483574119817
49.57,1,1,2010,4,23,6,9,0,23.37001259259297
16.1,1,1,2010,4,24,16,29,1,4.147794152719757
24.5,1,1,2010,4,11,14,14,1,7.530623141314661
28.5,1,1,2010,4,21,14,17,1,6.326255986583737
4.9,0,1,2010,4,17,9,8,0,0.7127841551052054
4.1,0,1,2010,4,14,7,24,0,0.5042439137528042
8.9,0,2,2010,4,20,17,48,1,3.2673126632939944
4.5,0,3,2010,4,17,14,51,1,0.8851082166684097
10.1,1,2,2010,4,21,11,10,0,3.208762726458673
5.7,0,4,2010,4,17,20,30,1,1.7056124496407494
10.9,1,2,2010,4,22,14,40,1,4.7429484850919
8.9,0,1,2010,4,15,7,57,0,0.6016430496184179
6.9,0,3,2010,4,12,17,17,1,1.9857050441373332
6.9,0,1,2010,4,19,5,0,0,2.0166030633737924
9.3,0,1,2010,4,24,3,3,0,3.506073828434487
14.1,1,1,2010,4,20,17,39,1,4.331809548588769
28.5,1,3,2010,4,15,17,15,1,12.639547031406336
8.5,0,1,2010,4,20,3,11,0,2.683945122056514
4.1,0,1,2010,4,15,15,42,1,1.213607160170894
4.5,0,1,2010,4,12,6,25,0,0.995284088937713
49.57,1,1,2010,4,24,7,0,0,21.33331247256778
6.5,0,1,2010,4,12,1,22,0,1.9712173506641408
4.5,0,1,2010,4,24,6,43,0,0.7754332612727881
22.1,1,1,2010,4,19,20,5,1,11.267995189494762
5.3,0,1,2010,4,13,8,37,0,1.0124942008562046
7.3,0,1,2010,4,23,23,18,1,2.5254886311526077
5.7,0,1,2010,4,12,11,20,0,1.4440077607603925
12.1,1,1,2010,4,13,21,45,1,4.555755980004953
16.1,1,2,2010,4,20,10,41,0,4.861591354974066
8.1,0,1,2010,4,16,5,44,0,1.8556765532415047
4.1,0,1,2010,4,21,21,44,1,0.9187328735572974
6.9,0,2,2010,4,13,9,50,0,1.059294570394932
13.3,1,2,2010,4,16,21,58,1,5.776921046603431
10.1,1,1,2010,4,17,13,51,1,3.5998709756186247
8.9,0,1,2010,4,14,8,13,0,1.498299674028447
5.7,0,1,2010,4,18,9,19,0,0.95874225979725
14.1,1,1,2010,4,23,21,13,1,5.448010840453167
4.9,0,1,2010,4,12,8,33,0,0.9370463091870316
7.7,0,1,2010,4,13,6,17,0,2.286724545976893
12.9,1,1,2010,4,24,20,7,1,4.280885427512865
6.5,0,1,2010,4,17,18,16,1,1.6599553855611597
11.3,1,4,2010,4,17,22,32,1,3.8863803785937097
6.9,0,1,2010,4,20,6,51,0,1.314019452818276
6.9,0,1,2010,4,16,4,22,0,1.3684682368214987
19.3,1,1,2010,4,24,4,26,0,2.0885854833425523
8.1,0,2,2010,4,20,18,54,1,3.0285316518259764
7.3,0,1,2010,4,23,11,8,0,1.6945449225403044
9.3,0,1,2010,4,24,11,25,0,3.7149778453615196
9.7,0,1,2010,4,20,10,59,0,2.8107936790549273
6.1,0,1,2010,4,12,13,48,1,1.595779963316163
6.5,0,2,2010,4,21,5,7,0,1.3980599770043407
6.9,0,2,2010,4,11,9,3,0,1.4134164328351162
8.1,0,1,2010,4,15,5,9,0,1.8513515053884646
14.1,1,2,2010,4,17,23,17,1,3.735997412616984
10.1,1,1,2010,4,14,7,45,0,2.6464004685450573
7.3,0,1,2010,4,20,11,7,0,2.078414905189213
5.3,0,1,2010,4,17,4,5,0,0.8001770852302473
6.5,0,1,2010,4,20,12,48,1,1.546657629317556
7.3,0,1,2010,4,21,14,30,1,2.475101930712114
5.7,0,1,2010,4,16,4,56,0,1.464298048380027
6.1,0,1,2010,4,23,20,55,1,1.4504437149914389
8.9,0,1,2010,4,21,16,49,1,3.1619645642699026
8.5,0,1,2010,4,14,17,4,1,2.720116216627968
8.9,0,1,2010,4,15,4,52,0,2.5392994610375323
10.1,1,1,2010,4,23,17,21,1,3.888506301568377
9.3,0,1,2010,4,13,5,59,0,1.4614292264718807
5.3,0,1,2010,4,20,21,3,1,1.1392654384689938
4.5,0,1,2010,4,15,19,27,1,1.5167597354738807
11.7,1,1,2010,4,22,20,49,1,5.415105109859057
8.9,0,1,2010,4,20,16,38,1,3.454004096238879
13.3,1,1,2010,4,20,9,51,0,3.5238910149664613
23.3,1,1,2010,4,21,10,7,0,11.871758985694093
14.9,1,1,2010,4,12,8,56,0,1.8204348994004893
12.1,1,1,2010,4,13,16,43,1,4.033429789875985
12.1,1,2,2010,4,22,10,46,0,4.362440776203255
5.7,0,1,2010,4,22,23,57,1,0.906285039986613
6.5,0,1,2010,4,18,15,42,1,1.5981590407503274
4.9,0,1,2010,4,17,18,56,1,0.7999822094005229
6.1,0,1,2010,4,14,22,15,1,1.6739678401309348
16.9,1,1,2010,4,13,17,16,1,6.721471056743453
16.9,1,1,2010,4,15,8,18,0,5.017323372785578
15.3,1,2,2010,4,19,14,16,1,5.641669114622035
4.5,0,1,2010,4,11,19,11,1,1.3793196979703122
10.9,1,1,2010,4,24,4,56,0,3.7650517799357814
5.7,0,1,2010,4,20,12,43,1,1.4222729806184478
16.9,1,1,2010,4,14,8,0,0,3.943133224342131
14.5,1,1,2010,4,22,5,47,0,4.844893962863258
10.5,1,1,2010,4,12,13,30,1,4.339316121892748
5.3,0,1,2010,4,22,18,16,1,1.438181940010044
6.5,0,1,2010,4,17,16,29,1,2.702593535298041
16.9,1,2,2010,4,22,6,22,0,5.8086340429229
5.7,0,4,2010,4,24,11,6,0,0.8799800329968246
10.1,1,2,2010,4,17,0,3,0,5.227493749841693
4.5,0,1,2010,4,16,22,57,1,0.9112142556856099
6.9,0,1,2010,4,19,14,20,1,2.565131603721077
21.3,1,5,2010,4,15,2,6,0,4.940762504837797
18.5,1,1,2010,4,24,8,25,0,6.47021628046124
5.7,0,1,2010,4,12,17,0,1,1.8218280658100054
6.1,0,1,2010,4,22,10,11,0,1.754087475696878
7.3,0,1,2010,4,13,3,49,0,2.0633659204920396
15.3,1,1,2010,4,13,16,18,1,5.657299460486233
11.7,1,1,2010,4,14,10,31,0,4.520453068082021
11.3,1,1,2010,4,11,16,16,1,9.314626924791078
7.3,0,1,2010,4,21,11,7,0,1.7558796662056269
11.7,1,1,2010,4,24,18,57,1,3.5313636387641405
5.7,0,3,2010,4,11,15,52,1,1.3390195845838646
7.7,0,1,2010,4,13,13,6,1,1.678124243603889
12.1,1,1,2010,4,22,6,51,0,4.047748265091746
5.7,0,1,2010,4,11,0,37,0,1.5215944503582548
10.5,1,1,2010,4,15,1,8,0,4.691119190614424
3.7,0,1,2010,4,12,7,38,0,0.8411575736816737
9.3,0,1,2010,4,24,17,37,1,4.309066577099497
6.1,0,1,2010,4,21,8,38,0,2.1093231446971226
16.5,1,2,2010,4,24,14,16,1,2.6487998689827044
11.3,1,1,2010,4,13,16,19,1,5.813806517896776
6.1,0,1,2010,4,13,14,8,1,1.4341526618643003
11.3,1,1,2010,4,14,8,27,0,2.6039198787245708
14.5,1,2,2010,4,22,21,7,1,6.5631404486352025
4.9,0,1,2010,4,13,8,58,0,1.1431697177100297
9.7,0,1,2010,4,15,5,34,0,3.170253104396109
5.7,0,1,2010,4,13,12,39,1,1.4710101151282
8.5,0,1,2010,4,20,16,52,1,2.1328396387839192
16.5,1,1,2010,4,21,10,33,0,6.0052847245848655
10.9,1,2,2010,4,23,21,9,1,4.241322536833373
7.3,0,3,2010,4,24,16,2,1,2.4935483235320084
8.1,0,1,2010,4,21,13,39,1,2.1666504441005268
6.9,0,1,2010,4,22,14,30,1,0.6932639458451492
7.7,0,2,2010,4,21,9,53,0,1.6023868527333374
5.3,0,1,2010,4,23,19,42,1,0.6202036798068775
9.3,0,1,2010,4,17,22,1,1,3.607555434165515
9.7,0,1,2010,4,19,21,8,1,3.964319919418633
16.1,1,1,2010,4,21,3,33,0,6.05809445575471
9.7,0,2,2010,4,24,10,4,0,3.593914491136444
6.9,0,1,2010,4,23,15,20,1,1.4330551804739942
5.7,0,4,2010,4,13,9,8,0,1.7404445263948192
45.0,1,1,2010,4,15,16,17,1,10.856037231231337
8.9,0,2,2010,4,12,19,58,1,3.184633110192465
22.9,1,3,2010,4,23,21,24,1,11.21394239105123
8.1,0,1,2010,4,24,17,22,1,2.993975634701925
14.5,1,1,2010,4,20,11,15,0,6.066909220304704
8.5,0,5,2010,4,23,15,4,1,0.9156718204973863
8.1,0,1,2010,4,15,22,22,1,3.9862299680190487
7.3,0,1,2010,4,14,20,58,1,1.5524332048891025
4.5,0,1,2010,4,24,21,58,1,0.5839345556122153
8.5,0,1,2010,4,18,21,33,1,4.376221870501246
6.5,0,1,2010,4,11,4,57,0,2.476893376328453
7.7,0,1,2010,4,21,14,10,1,1.6521047861130673
8.5,0,1,2010,4,19,15,22,1,3.8871440163391147
7.7,0,5,2010,4,15,11,17,0,2.2389998945407146
8.9,0,1,2010,4,23,11,46,0,2.595338302719667
4.1,0,1,2010,4,13,13,18,1,0.9891109757611246
8.9,0,1,2010,4,13,11,11,0,2.3066045757105376
19.3,1,4,2010,4,14,14,20,1,6.345666717781263
6.9,0,2,2010,4,20,16,31,1,1.8482989699018253
6.9,0,1,2010,4,15,3,3,0,2.341211624943064
11.7,1,1,2010,4,18,18,3,1,5.071289066825996
5.7,0,1,2010,4,21,12,3,1,0.6622575280941841
10.5,1,1,2010,4,15,16,17,1,3.1249472519596337
12.1,1,2,2010,4,23,21,24,1,3.4683260417598865
6.1,0,2,2010,4,19,20,19,1,1.7521574281438157
10.1,1,3,2010,4,18,7,33,0,4.947659367609474
6.1,0,1,2010,4,23,5,13,0,1.2918737652005416
17.3,1,2,2010,4,17,16,27,1,6.409354552255809
6.9,0,1,2010,4,14,8,34,0,2.179381640124173
7.3,0,1,2010,4,11,16,28,1,2.06899251857703
5.7,0,1,2010,4,20,4,51,0,1.4230139881410395
3.7,0,2,2010,4,24,12,40,1,0.9938493595960103
12.9,1,4,2010,4,23,14,53,1,3.5306926267143437
10.9,1,1,2010,4,13,20,40,1,5.65801787053061
4.5,0,1,2010,4,17,9,31,0,1.1394419688877242
10.9,1,1,2010,4,23,23,14,1,4.337650263212159
14.1,1,1,2010,4,23,15,9,1,3.7479110840497034
4.1,0,1,2010,4,21,9,20,0,0.9174356890605504
15.3,1,1,2010,4,16,4,48,0,6.525455049827944
10.5,1,1,2010,4,16,16,10,1,3.4270101368136987
8.5,0,1,2010,4,16,7,20,0,3.3334437109036483
2.5,0,1,2010,4,22,1,0,0,0.06057621200646623
7.7,0,1,2010,4,14,19,41,1,3.35635887814464
4.5,0,2,2010,4,23,12,37,1,0.6784023378455841
4.9,0,1,2010,4,12,15,7,1,1.1931001603413744
4.5,0,1,2010,4,23,12,59,1,1.498851886040878
7.3,0,1,2010,4,18,11,10,0,2.0251461647647595
10.5,1,2,2010,4,24,15,49,1,0.07831550720891604
5.7,0,1,2010,4,15,14,41,1,1.129069442070255
5.3,0,1,2010,4,18,6,24,0,2.15851828237884
23.7,1,1,2010,4,20,12,33,1,8.224863979657135
14.1,1,1,2010,4,16,4,26,0,4.79060973993649
8.9,0,2,2010,4,18,14,21,1,2.2513959926028915
13.7,1,4,2010,4,12,14,2,1,3.869195901645515
12.5,1,1,2010,4,20,16,37,1,2.5202793541525916
6.1,0,1,2010,4,18,8,10,0,2.145780822623175
7.3,0,1,2010,4,14,8,51,0,0.9459285427825898
5.3,0,1,2010,4,20,20,24,1,1.5858621637385537
2.9,0,1,2010,4,18,3,3,0,0.3865329824733975
11.3,1,1,2010,4,22,7,13,0,3.6450187817623685
11.7,1,1,2010,4,11,17,55,1,4.791384003633729
9.3,0,1,2010,4,24,7,48,0,2.381582204480446
8.1,0,1,2010,4,19,14,39,1,2.4019073820259824
3.3,0,1,2010,4,17,10,18,0,0.5301196846059092
5.3,0,1,2010,4,12,18,27,1,1.2966087727930202
4.5,0,2,2010,4,22,22,55,1,1.035600488792286
8.9,0,1,2010,4,15,11,54,0,1.939770278065745
4.1,0,1,2010,4,23,18,20,1,1.0408144033674562
6.5,0,3,2010,4,22,8,6,0,1.1957914522385833
3.3,0,1,2010,4,16,14,39,1,0.5314025789242999
6.9,0,1,2010,4,14,6,1,0,1.7580964499524825
4.9,0,1,2010,4,17,1,16,0,1.4278442993544036
19.7,1,1,2010,4,11,16,58,1,9.422415229155225
6.1,0,2,2010,4,22,16,42,1,1.485954273521671
4.1,0,1,2010,4,22,20,50,1,0.5407376159357383
3.7,0,1,2010,4,24,14,34,1,0.6346568815127098
4.9,0,1,2010,4,14,17,22,1,1.326621929607493
10.5,1,2,2010,4,24,6,11,0,5.069630053326666
10.1,1,1,2010,4,20,10,7,0,1.5045249545601318
33.47,1,1,2010,4,23,22,52,1,15.136764092523222
6.1,0,1,2010,4,21,14,34,1,1.2679183331052803
8.9,0,4,2010,4,16,15,9,1,2.7041516527877083
5.7,0,1,2010,4,23,17,5,1,1.1972407100653883
4.9,0,1,2010,4,19,23,49,1,1.6225123220058013
10.5,1,1,2010,4,13,20,9,1,3.422530063994816
3.3,0,1,2010,4,20,7,50,0,0.5334651850965305
45.0,1,1,2010,4,16,17,48,1,20.913871592224087
5.3,0,1,2010,4,17,10,51,0,0.8298701501874752
8.5,0,1,2010,4,15,10,47,0,2.2521608984995867
7.3,0,1,2010,4,14,2,34,0,3.3910999148162624
4.9,0,1,2010,4,14,12,6,1,0.8994483283199893
9.3,0,1,2010,4,15,14,55,1,2.0380928876271134
48.1,1,1,2010,4,23,13,9,1,18.024820977056876
6.9,0,1,2010,4,16,7,35,0,1.8252893156489214
17.3,1,1,2010,4,12,8,28,0,0.9797863254654634
5.7,0,2,2010,4,19,16,29,1,1.8165179437669865
14.9,1,1,2010,4,15,9,45,0,5.311292967923324
22.1,1,1,2010,4,18,10,9,0,2.4835603638911397
8.5,0,1,2010,4,18,20,29,1,3.8863767687391073
6.1,0,1,2010,4,11,7,33,0,1.7746580909401422
22.9,1,2,2010,4,13,18,41,1,4.341191547969506
7.7,0,1,2010,4,20,9,12,0,1.5014895414101979
15.3,1,1,2010,4,13,4,10,0,6.480649582865246
13.3,1,1,2010,4,16,11,0,0,5.104339041527682
6.1,0,1,2010,4,22,19,37,1,1.8331348416434883
5.3,0,2,2010,4,14,19,11,1,2.2210679235154673
14.1,1,1,2010,4,19,5,26,0,6.552450230908491
4.9,0,1,2010,4,24,15,37,1,0.8519790836341261
10.1,1,1,2010,4,14,14,35,1,2.3780514596318962
6.5,0,1,2010,4,20,21,27,1,1.4924525595144695
22.1,1,4,2010,4,11,11,11,0,7.309285537181619
8.1,0,1,2010,4,24,17,59,1,2.986922301658209
12.1,1,1,2010,4,21,15,15,1,5.3035593047018965
4.1,0,1,2010,4,19,21,14,1,0.7457523688091698
15.7,1,2,2010,4,18,14,52,1,4.952696204700793
20.1,1,1,2010,4,11,7,31,0,7.570566764812775
5.7,0,1,2010,4,11,16,7,1,2.071227136596988
3.7,0,1,2010,4,16,17,21,1,0.5548139773121996
6.1,0,1,2010,4,19,6,27,0,1.9372791413916697
10.1,1,1,2010,4,21,17,30,1,2.7909391220169444
6.5,0,1,2010,4,12,19,57,1,1.8868073646725523
10.5,1,2,2010,4,23,4,29,0,3.1430871089128294
14.1,1,1,2010,4,16,2,45,0,7.521160170505612
4.5,0,1,2010,4,13,4,12,0,0.6855478303739588
3.7,0,1,2010,4,23,23,39,1,0.4315255480176545
6.1,0,2,2010,4,11,9,37,0,1.5037655244778791
6.5,0,2,2010,4,16,9,27,0,1.8766774397901091
6.1,0,1,2010,4,20,12,4,1,1.2602967927672886
13.3,1,1,2010,4,22,15,21,1,3.408094313720464
7.7,0,1,2010,4,23,4,42,0,1.3327203162425585
8.1,0,1,2010,4,19,15,21,1,3.122116234413168
4.9,0,2,2010,4,12,10,32,0,0.8385133650412487
8.5,0,2,2010,4,19,7,23,0,2.4067258541621435
15.7,1,1,2010,4,19,18,21,1,6.127300296542505
6.5,0,1,2010,4,16,13,51,1,2.7949227355327713
4.9,0,1,2010,4,13,17,13,1,1.6169333935851362
5.3,0,1,2010,4,23,18,54,1,1.6826402606286988
4.9,0,1,2010,4,24,6,37,0,1.0094825924898294
3.3,0,1,2010,4,11,10,26,0,0.5214881542275068
8.1,0,1,2010,4,21,7,38,0,2.1114729823845693
12.5,1,3,2010,4,24,14,21,1,4.077575084303958
6.1,0,1,2010,4,22,7,19,0,1.0312996590394874
19.7,1,2,2010,4,15,12,7,1,8.640088976104744
11.3,1,1,2010,4,12,18,7,1,5.250543427745173
6.9,0,1,2010,4,21,19,39,1,2.1430488167533785
7.3,0,1,2010,4,17,8,6,0,2.362699316291675
7.3,0,1,2010,4,22,8,11,0,1.2020130145470411
6.5,0,1,2010,4,19,4,32,0,1.7172610129656238
4.1,0,1,2010,4,13,14,30,1,0.7015988079305423
6.9,0,2,2010,4,11,9,16,0,1.2057916665587627
17.3,1,1,2010,4,20,4,43,0,5.976865613839881
4.1,0,2,2010,4,23,13,7,1,0.6358682917631139
4.1,0,1,2010,4,18,13,1,1,1.252183409275826
10.5,1,1,2010,4,17,10,1,0,4.165041603463362
7.7,0,1,2010,4,15,14,47,1,2.5807495768460664
5.7,0,1,2010,4,24,19,48,1,1.524013359649714
11.3,1,1,2010,4,13,10,20,0,4.581467470734191
15.3,1,1,2010,4,24,8,40,0,4.962702211818824
6.5,0,1,2010,4,11,14,11,1,1.4229216653863108
7.3,0,1,2010,4,18,14,10,1,2.209824331729532
3.7,0,1,2010,4,23,20,37,1,0.864385828142622
9.3,0,1,2010,4,17,20,49,1,3.231456739989686
4.9,0,2,2010,4,17,21,29,1,0.7154788612283411
20.9,1,1,2010,4,15,5,4,0,9.881224805607866
5.3,0,1,2010,4,15,20,36,1,1.794245481042669
18.1,1,2,2010,4,17,21,28,1,6.894292846428318
25.07,1,1,2010,4,12,0,50,0,10.104353299183295
4.5,0,1,2010,4,20,7,31,0,0.6961375978552004
4.9,0,1,2010,4,12,5,24,0,0.8905920255852772
6.1,0,4,2010,4,15,15,11,1,1.3827922833892785
4.1,0,1,2010,4,19,12,47,1,0.37732348033244745
7.7,0,2,2010,4,24,10,59,0,2.1303854597764955
6.5,0,1,2010,4,20,17,53,1,2.239646368256978
4.1,0,1,2010,4,19,5,5,0,0.6907511129558349
17.3,1,1,2010,4,24,17,3,1,7.662224034195355
6.5,0,1,2010,4,23,5,46,0,1.502905101864572
8.9,0,1,2010,4,20,17,48,1,3.700163067374365
5.7,0,1,2010,4,16,6,53,0,1.3411667237231013
6.9,0,1,2010,4,12,20,53,1,3.2575026320436384
4.5,0,3,2010,4,22,4,25,0,1.2189080281417355
3.3,0,1,2010,4,13,11,49,0,0.7183773421310116
5.3,0,2,2010,4,21,19,2,1,0.8269305029767058
17.3,1,3,2010,4,23,15,58,1,7.352462825712463
5.3,0,5,2010,4,19,8,56,0,1.3597918158295126
4.9,0,1,2010,4,16,14,56,1,1.5215864353716448
8.9,0,1,2010,4,22,18,35,1,2.3705794101367017
4.5,0,1,2010,4,12,12,24,1,11.954615925822626
18.5,1,1,2010,4,24,11,22,0,5.499315584314663
9.3,0,1,2010,4,23,7,3,0,2.2437168214641097
5.3,0,1,2010,4,20,8,17,0,0.5828918317634758
8.1,0,1,2010,4,17,10,6,0,1.7837606991560573
12.5,1,1,2010,4,16,2,19,0,4.622918788224726
9.7,0,1,2010,4,15,5,7,0,3.170780948485872
10.1,1,1,2010,4,22,15,51,1,3.0649715901943284
5.7,0,1,2010,4,14,14,53,1,2.5413478888619814
5.7,0,1,2010,4,23,10,34,0,1.825654723439931
13.7,1,1,2010,4,23,7,50,0,5.322801468567507
7.7,0,1,2010,4,18,16,11,1,3.206500471819799
8.9,0,1,2010,4,21,15,18,1,3.0454647220196933
6.1,0,1,2010,4,23,4,55,0,2.1963328123723267
49.57,1,2,2010,4,11,10,58,0,21.410531731953512
9.3,0,1,2010,4,14,11,19,0,0.8046431191836616
11.3,1,1,2010,4,16,14,29,1,4.411404180297499
7.7,0,1,2010,4,16,9,37,0,1.5698248111698359
5.7,0,1,2010,4,23,8,56,0,1.5846517965869151
5.3,0,1,2010,4,23,3,21,0,0.7086490592584005
10.5,1,2,2010,4,18,14,24,1,1.771110919847292
5.7,0,1,2010,4,17,8,7,0,1.4482250193547979
9.7,0,2,2010,4,14,5,53,0,2.0264858724078367
29.47,1,1,2010,4,13,5,47,0,9.874814863132618
14.1,1,1,2010,4,19,20,23,1,7.544024074088958
8.9,0,1,2010,4,14,13,29,1,4.3741905914402
28.5,1,3,2010,4,16,17,36,1,5.0301451239089054
4.1,0,2,2010,4,13,16,2,1,0.9606257212453945
7.3,0,1,2010,4,11,17,49,1,2.002202056469351
4.9,0,1,2010,4,12,19,42,1,1.2406369001452469
5.3,0,1,2010,4,17,18,22,1,1.5137137145547443
5.3,0,1,2010,4,19,5,48,0,0.9983893062095562
7.3,0,1,2010,4,17,14,4,1,1.8307348239512249
5.7,0,1,2010,4,23,12,6,1,1.1628546742504553
5.3,0,1,2010,4,16,21,20,1,1.6517088872041328
5.7,0,4,2010,4,15,23,33,1,1.3182454480263956
5.3,0,1,2010,4,15,19,58,1,1.7751068717662024
14.9,1,2,2010,4,15,20,10,1,6.557011881102102
8.9,0,1,2010,4,21,15,18,1,3.2765643968252403
10.1,1,1,2010,4,16,7,21,0,2.971320725137935
7.3,0,2,2010,4,16,0,52,0,1.9789792657554532
6.9,0,2,2010,4,11,13,56,1,1.7208129544896182
11.3,1,2,2010,4,17,4,10,0,4.296333178514357
10.5,1,2,2010,4,21,21,10,1,1.3121862145234757
24.27,1,2,2010,4,12,14,9,1,9.035077294423527
8.5,0,1,2010,4,20,8,41,0,1.5824023974283057
20.9,1,1,2010,4,24,18,46,1,5.42723680082059
5.7,0,1,2010,4,20,17,56,1,1.1806266167858002
6.5,0,2,2010,4,24,14,40,1,1.144939670978996
6.5,0,3,2010,4,12,16,37,1,1.5060589249798815
4.1,0,1,2010,4,24,6,9,0,0.5510053330147154
15.7,1,3,2010,4,23,21,8,1,7.8018683470978605
3.3,0,1,2010,4,22,4,27,0,0.33034865871582086
11.3,1,2,2010,4,17,22,6,1,4.149134879279154
4.9,0,1,2010,4,16,6,37,0,1.2640746470316853
3.3,0,1,2010,4,15,22,57,1,0.7697685678396544
4.9,0,1,2010,4,19,10,19,0,1.2810837675450617
12.5,1,1,2010,4,15,16,11,1,0.28573583177657547
12.5,1,1,2010,4,20,6,32,0,3.7820331353317
10.9,1,1,2010,4,18,12,6,1,1.9894069117368134
11.7,1,1,2010,4,18,10,59,0,4.737269492670739
3.7,0,1,2010,4,22,15,29,1,0.7265064472258821
4.1,0,2,2010,4,17,16,13,1,1.1156632185069333
7.7,0,1,2010,4,17,14,59,1,1.6294712907532243
10.9,1,1,2010,4,17,19,0,1,2.3934579187568765
9.3,0,1,2010,4,13,7,13,0,1.515562350835183
6.9,0,1,2010,4,23,3,58,0,1.6647972195215284
16.5,1,1,2010,4,21,22,27,1,8.028310895061377
9.7,0,1,2010,4,16,12,21,1,1.6470673650315222
11.3,1,1,2010,4,17,8,58,0,4.484538855284513
7.3,0,1,2010,4,24,16,38,1,1.3920522865806886
8.9,0,1,2010,4,15,18,12,1,3.4115522014421904
14.5,1,1,2010,4,15,3,50,0,6.537879575238105
17.7,1,1,2010,4,18,4,47,0,8.284032118040527
4.9,0,4,2010,4,24,23,28,1,1.1594888438723765
12.5,1,1,2010,4,11,13,36,1,5.883976821434431
3.7,0,1,2010,4,24,9,1,0,1.1086822817660007
8.1,0,1,2010,4,23,12,1,1,1.591311896968184
8.1,0,2,2010,4,18,14,24,1,1.6577698959057718
9.3,0,1,2010,4,12,14,25,1,2.186424676019716
6.1,0,2,2010,4,16,21,34,1,1.6645207806254836
9.3,0,1,2010,4,24,7,41,0,3.3500302493117498
8.1,0,2,2010,4,23,13,51,1,1.829067635424247
13.7,1,4,2010,4,18,7,42,0,6.484031395771856
4.9,0,1,2010,4,16,13,1,1,1.31049123463768
6.5,0,1,2010,4,16,11,1,0,2.9439698219062542
3.3,0,2,2010,4,20,11,52,0,0.6447733095533411
26.9,1,1,2010,4,14,6,55,0,13.349100393385614
12.5,1,1,2010,4,14,9,51,0,4.816104231058973
7.3,0,1,2010,4,22,17,34,1,2.0684027422809965
6.1,0,1,2010,4,19,10,53,0,1.5445832342244035
7.7,0,1,2010,4,15,13,30,1,2.0466776883263975
4.9,0,1,2010,4,13,18,29,1,0.9764580520980758
6.1,0,1,2010,4,23,15,42,1,1.48736732490696
4.5,0,1,2010,4,20,15,52,1,1.6597902422420576
10.5,1,1,2010,4,15,19,50,1,2.8141540127054068
4.5,0,1,2010,4,19,14,7,1,1.2715008825684673
4.5,0,1,2010,4,17,21,17,1,1.6945038391245084
7.7,0,1,2010,4,17,7,46,0,2.633831066180233
7.3,0,1,2010,4,12,17,50,1,2.3826972819474634
19.7,1,1,2010,4,20,5,40,0,10.303287835617011
6.1,0,1,2010,4,16,13,59,1,1.5266005653476127
16.5,1,1,2010,4,18,9,48,0,9.824031398838423
10.9,1,4,2010,4,21,10,9,0,4.184008723044743
10.9,1,1,2010,4,20,15,22,1,4.050907093173055
8.9,0,1,2010,4,14,19,22,1,2.901327873262151
4.1,0,1,2010,4,18,13,59,1,1.048676827766188
19.7,1,2,2010,4,18,15,30,1,7.202599132991464
14.5,1,1,2010,4,21,7,58,0,2.2481490831787903
7.3,0,1,2010,4,15,22,3,1,2.014515967263171
6.5,0,1,2010,4,16,13,42,1,1.0378611432285076
3.3,0,1,2010,4,17,7,59,0,0.7481355218991401
9.3,0,1,2010,4,20,4,9,0,3.2904089055719785
6.5,0,1,2010,4,13,8,6,0,1.2028214535576232
5.3,0,4,2010,4,23,15,29,1,0.8878615124960093
11.3,1,2,2010,4,17,13,13,1,3.452528367197325
6.1,0,2,2010,4,18,9,46,0,1.641079878484655
14.5,1,2,2010,4,19,8,26,0,5.918378872578993
5.7,0,1,2010,4,23,6,43,0,1.1425450320478534
11.3,1,1,2010,4,18,12,1,1,4.348746571430285
35.87000000000001,1,1,2010,4,18,18,11,1,13.603842781576285
5.7,0,1,2010,4,22,10,18,0,1.0030633248741676
9.7,0,1,2010,4,22,7,34,0,3.0353043338190058
8.9,0,1,2010,4,23,15,45,1,4.172107822573029
7.7,0,1,2010,4,12,14,39,1,1.3922078150969786
4.1,0,1,2010,4,13,15,21,1,0.5833849397525116
6.1,0,1,2010,4,12,0,42,0,2.0001115491708106
6.1,0,2,2010,4,14,14,31,1,1.9119884460796805
7.3,0,1,2010,4,24,10,50,0,1.7173153712928488
4.5,0,1,2010,4,14,19,47,1,1.022485513550964
8.5,0,1,2010,4,16,6,37,0,1.4759402064389053
49.57,1,1,2010,4,15,12,28,1,20.19161983609853
5.7,0,2,2010,4,24,15,7,1,0.6066903469136935
12.5,1,1,2010,4,21,6,6,0,3.9955108273666546
6.9,0,1,2010,4,23,15,20,1,1.050838176864354
10.5,1,2,2010,4,24,7,35,0,4.084960385906748
8.5,0,1,2010,4,23,15,51,1,2.9132472808758134
20.5,1,1,2010,4,18,13,40,1,5.930366538056055
6.5,0,1,2010,4,12,18,21,1,1.989968346849321
6.5,0,1,2010,4,13,13,22,1,1.5159801584096264
6.1,0,2,2010,4,13,4,42,0,1.6653609970773893
6.9,0,1,2010,4,15,2,47,0,2.9974700868436006
8.9,0,2,2010,4,16,21,4,1,2.7963874129216233
10.9,1,1,2010,4,24,22,50,1,5.220467771904066
6.9,0,1,2010,4,14,17,15,1,2.8115155914700503
8.9,0,1,2010,4,18,17,24,1,1.9242429050649077
6.9,0,1,2010,4,22,6,31,0,1.0124350203145935
4.5,0,1,2010,4,22,15,28,1,1.0580550614105142
23.47,1,2,2010,4,14,17,48,1,6.04994245432244
12.1,1,1,2010,4,17,21,51,1,6.464683608679858
8.1,0,1,2010,4,23,22,57,1,2.346255705974938
10.5,1,1,2010,4,24,20,9,1,3.118799145336055
25.7,1,1,2010,4,16,8,7,0,13.3362317909281
9.7,0,1,2010,4,12,19,49,1,2.6212377646221783
8.5,0,1,2010,4,13,2,58,0,3.1374973370389156
6.1,0,1,2010,4,21,14,31,1,1.1371294443910753
5.3,0,1,2010,4,12,16,26,1,0.8826741944806576
5.7,0,1,2010,4,13,13,44,1,1.7492369706379043
11.3,1,1,2010,4,18,5,12,0,5.550753430915259
5.0,0,1,2010,4,19,21,42,1,0.8179849147222501
5.3,0,1,2010,4,16,9,18,0,0.9841321152320195
14.1,1,3,2010,4,24,7,39,0,4.444386684466228
6.9,0,4,2010,4,23,22,6,1,3.055176894491436
49.57,1,2,2010,4,12,13,6,1,2.0242777673842727
12.5,1,1,2010,4,23,3,44,0,4.440798390821645
4.1,0,1,2010,4,18,10,38,0,0.7085108614588318
6.1,0,1,2010,4,19,22,55,1,1.6614067212409191
7.3,0,1,2010,4,24,17,12,1,3.2443409551475524
14.5,1,1,2010,4,18,12,18,1,3.519646264181089
4.9,0,2,2010,4,15,15,29,1,1.6238075311275126
6.1,0,1,2010,4,23,17,15,1,1.9993062692568846
6.9,0,1,2010,4,14,11,25,0,1.3084352523889058
7.3,0,1,2010,4,18,16,36,1,2.7232043566253417
5.7,0,2,2010,4,13,3,54,0,0.9982777936535451
13.7,1,1,2010,4,11,0,18,0,4.951426324423772
6.5,0,1,2010,4,17,20,13,1,1.7995378847843262
8.9,0,1,2010,4,23,4,58,0,2.6524193807166494
16.9,1,1,2010,4,22,3,5,0,7.15327022704506
10.1,1,1,2010,4,16,17,0,1,2.579444839502401
49.57,1,3,2010,4,13,1,39,0,21.218676651606824
11.3,1,1,2010,4,24,6,26,0,4.650161285260434
10.1,1,2,2010,4,16,11,0,0,2.1412816009203883
7.7,0,1,2010,4,14,20,4,1,1.225349724015268
2.9,0,1,2010,4,14,21,40,1,0.1371069791485449
15.3,1,1,2010,4,24,19,24,1,5.040687971031668
6.1,0,1,2010,4,22,12,51,1,1.9508345392242044
11.7,1,1,2010,4,18,2,25,0,4.205619809756515
11.7,1,1,2010,4,14,13,57,1,2.667274184210733
11.3,1,1,2010,4,20,12,3,1,2.4001357351203856
7.7,0,2,2010,4,23,14,52,1,0.9575604717482056
5.3,0,1,2010,4,24,17,35,1,1.4767760757147081
6.9,0,1,2010,4,17,6,49,0,1.4530524229893507
10.1,1,1,2010,4,24,20,11,1,3.320081880026212
7.7,0,1,2010,4,24,9,0,0,3.11635961195205
7.3,0,1,2010,4,18,12,33,1,2.343064145424943
5.7,0,1,2010,4,18,4,51,0,1.6565560373642096
11.3,1,1,2010,4,19,6,5,0,5.021188938540128
8.5,0,1,2010,4,23,2,46,0,3.8451984466310676
12.5,1,3,2010,4,22,16,45,1,4.04210325314117
4.5,0,1,2010,4,14,7,31,0,0.8033062553432136
5.3,0,2,2010,4,16,22,29,1,1.1452248365604
5.7,0,1,2010,4,16,11,8,0,0.9085867513496408
7.3,0,2,2010,4,13,5,44,0,0.1824249809098045
6.9,0,5,2010,4,12,18,0,1,1.536293050665397
5.3,0,1,2010,4,16,22,3,1,0.8713632089558244
6.1,0,1,2010,4,18,18,28,1,1.1749992135073737
8.5,0,1,2010,4,18,16,0,1,1.937752392105241
7.7,0,1,2010,4,23,20,35,1,2.342490423083821
11.3,1,1,2010,4,23,0,3,0,5.039620407522987
17.3,1,1,2010,4,16,6,58,0,9.644195923174081
5.7,0,2,2010,4,20,8,1,0,0.9164333565191383
17.7,1,1,2010,4,13,4,12,0,5.567440016199604
10.1,1,1,2010,4,12,11,13,0,3.857849016149803
4.9,0,1,2010,4,11,20,29,1,1.1027084522871042
8.1,0,1,2010,4,19,20,32,1,3.363370284190095
45.0,1,1,2010,4,18,18,51,1,22.62733311836253
6.9,0,1,2010,4,22,16,16,1,1.0988926577781135
6.9,0,1,2010,4,24,16,0,1,1.0761297673967434
28.5,1,1,2010,4,14,20,41,1,10.917110932638742
8.9,0,1,2010,4,13,17,34,1,3.9826132169515205
40.4,1,1,2010,4,23,8,6,0,2.498838138887589
5.7,0,5,2010,4,13,3,49,0,1.4039895446369628
8.9,0,1,2010,4,20,3,57,0,3.1292130549243
6.9,0,2,2010,4,12,3,35,0,1.2734537084431632
6.1,0,2,2010,4,16,5,1,0,1.540367099283674
6.9,0,2,2010,4,16,19,28,1,2.60069085172702
7.7,0,1,2010,4,16,6,54,0,1.8213878408366901
7.3,0,1,2010,4,13,4,52,0,2.1728626174686854
15.7,1,1,2010,4,23,6,15,0,6.207682031930601
6.1,0,1,2010,4,12,11,53,0,1.4198923360717062
6.5,0,1,2010,4,15,4,14,0,2.2444941608614086
8.9,0,2,2010,4,20,17,1,1,2.3654501417636813
10.5,1,1,2010,4,19,7,51,0,2.3711914091534423
7.3,0,2,2010,4,22,15,0,1,1.2726198933710755
46.5,1,2,2010,4,20,9,27,0,15.273121654926976
27.47,1,1,2010,4,20,15,33,1,10.131904828780007
19.7,1,2,2010,4,19,17,8,1,5.108890939812251
10.9,1,1,2010,4,16,11,8,0,2.5094162031587146
7.3,0,1,2010,4,18,3,53,0,3.842167655646678
24.5,1,1,2010,4,18,8,37,0,8.604138088530947
26.5,1,1,2010,4,11,12,44,1,9.497325075160338
11.3,1,1,2010,4,15,11,26,0,3.713369876537518
5.7,0,1,2010,4,23,10,42,0,1.661676842663323
16.9,1,1,2010,4,18,21,9,1,8.097705811218148
4.5,0,1,2010,4,22,15,37,1,1.5690016432116758
3.7,0,1,2010,4,14,1,39,0,0.7351662574693786
6.9,0,5,2010,4,20,8,16,0,1.8376173101950302
12.9,1,2,2010,4,17,16,10,1,3.476156242365922
4.1,0,2,2010,4,24,13,2,1,1.311212112022783
8.5,0,1,2010,4,23,16,52,1,3.497844551193262
4.5,0,1,2010,4,22,4,26,0,0.32438687831876956
4.1,0,1,2010,4,14,12,8,1,1.0986733024816682
10.9,1,1,2010,4,24,16,53,1,3.9910835559416897
3.7,0,1,2010,4,22,23,8,1,0.5538141306333882
5.7,0,3,2010,4,18,15,12,1,2.503493283320753
6.9,0,1,2010,4,19,20,42,1,2.3971846482684906
5.3,0,1,2010,4,20,16,36,1,1.270205136490441
2.5,0,1,2010,4,16,10,12,0,0.05146309913983402
15.7,1,1,2010,4,11,11,0,0,8.387565166518812
6.5,0,1,2010,4,17,17,49,1,1.4060468651064575
2.9,0,1,2010,4,12,21,29,1,0.4488229261708307
6.1,0,1,2010,4,20,2,25,0,1.5354106625133688
45.0,1,1,2010,4,23,5,18,0,19.877932596279955
5.3,0,1,2010,4,14,16,29,1,2.3401677679979236
8.9,0,1,2010,4,13,19,2,1,3.0800132366437376
3.7,0,1,2010,4,22,13,47,1,0.8632280164875221
11.7,1,2,2010,4,21,16,11,1,2.936462799647124
10.1,1,2,2010,4,13,0,19,0,2.8527458079490424
25.3,1,1,2010,4,19,17,43,1,14.187982964190697
5.7,0,1,2010,4,13,2,59,0,1.1504757393995948
15.7,1,1,2010,4,11,13,28,1,1.5175845818764988
5.3,0,1,2010,4,15,13,53,1,1.6048666903364293
8.1,0,2,2010,4,20,4,44,0,2.0514651310004988
9.3,0,2,2010,4,13,20,20,1,3.2208173174962025
6.9,0,1,2010,4,11,8,26,0,1.5032951960338201
8.1,0,1,2010,4,22,10,46,0,1.9032844043605703
10.1,1,1,2010,4,24,14,36,1,3.936518605010068
6.1,0,3,2010,4,14,3,36,0,2.0227815630846004
9.3,0,1,2010,4,18,10,7,0,1.9725407296449593
11.3,1,1,2010,4,21,4,14,0,4.842308648931692
3.7,0,1,2010,4,24,20,24,1,0.9814441532653021
7.7,0,1,2010,4,22,2,48,0,3.3174136480060783
7.7,0,1,2010,4,20,18,4,1,2.120903492433424
4.9,0,1,2010,4,20,15,46,1,1.188345432145225
4.5,0,1,2010,4,23,15,19,1,1.4015772701779179
3.7,0,1,2010,4,15,4,43,0,0.4140935537477394
5.7,0,3,2010,4,20,13,30,1,1.7502885487351112
12.5,1,1,2010,4,11,19,19,1,4.905279120728172
4.1,0,1,2010,4,22,10,26,0,0.9313134826526723
9.7,0,1,2010,4,11,10,29,0,2.7506957487058448
12.5,1,3,2010,4,23,15,38,1,4.379898793442915
6.9,0,1,2010,4,16,14,24,1,2.0173043883118753
8.1,0,1,2010,4,16,22,18,1,3.9392924910111136
6.1,0,2,2010,4,13,17,4,1,2.2056099700258316
6.9,0,1,2010,4,22,9,55,0,1.5990346201290428
32.67,1,5,2010,4,22,10,15,0,9.21412512319752
5.3,0,1,2010,4,14,18,6,1,1.4539398489766244
4.9,0,2,2010,4,14,12,59,1,1.4745417850219122
15.3,1,1,2010,4,20,1,24,0,6.39129110420553
25.7,1,1,2010,4,21,10,30,0,9.089548842852121
28.1,1,1,2010,4,18,13,3,1,13.518107468088555
49.57,1,1,2010,4,19,13,14,1,20.814385706200806
8.5,0,2,2010,4,24,7,15,0,3.2227126433294986
25.47,1,1,2010,4,22,5,16,0,8.394042951266842
4.1,0,2,2010,4,21,15,19,1,0.9660070502468191
14.5,1,1,2010,4,24,6,1,0,5.509946279513951
22.1,1,1,2010,4,14,8,49,0,7.900156499473681
6.1,0,1,2010,4,22,7,34,0,1.1949858830954765
9.7,0,3,2010,4,24,13,29,1,2.4055466303153206
9.7,0,1,2010,4,16,7,23,0,3.1251604797186037
4.5,0,1,2010,4,17,16,22,1,1.130645714529194
5.3,0,1,2010,4,23,5,39,0,1.1145821456759313
4.1,0,1,2010,4,11,10,42,0,0.7960269748428759
11.7,1,1,2010,4,12,0,20,0,5.736477660667051
7.3,0,3,2010,4,13,10,31,0,2.675248927611928
4.5,0,1,2010,4,22,2,41,0,0.7151564360305718
10.1,1,2,2010,4,23,15,53,1,2.2144953206668587
7.7,0,1,2010,4,15,10,56,0,1.930245114609947
11.7,1,1,2010,4,14,9,34,0,4.6969775963169
8.5,0,1,2010,4,24,23,15,1,2.6938363669100993
8.1,0,2,2010,4,13,18,11,1,1.3872417328306068
4.5,0,2,2010,4,20,18,51,1,0.9697786934774644
6.5,0,1,2010,4,19,16,20,1,1.5586127629316204
4.9,0,2,2010,4,22,5,40,0,0.9165588718384653
10.5,1,1,2010,4,17,6,42,0,1.0376253303210343
12.5,1,2,2010,4,17,14,46,1,0.14711758520953186
6.1,0,2,2010,4,20,4,1,0,1.88261334250866
8.1,0,2,2010,4,19,10,56,0,1.9461071677498183
8.9,0,1,2010,4,18,6,59,0,2.1028341420855368
18.5,1,1,2010,4,22,7,17,0,5.05612202847129
5.7,0,1,2010,4,22,15,13,1,1.338957290083334
42.1,1,1,2010,4,19,19,0,1,17.305410638603163
8.5,0,1,2010,4,13,3,47,0,1.9307478491857708
6.9,0,1,2010,4,14,12,21,1,1.357364696682691
10.1,1,2,2010,4,22,15,44,1,1.5638891373100179
3.3,0,1,2010,4,13,7,42,0,0.4985836528611377
28.9,1,1,2010,4,18,4,25,0,16.43554056024279
24.9,1,1,2010,4,16,12,39,1,9.587899132756554
5.7,0,1,2010,4,15,20,28,1,0.9248600454712945
13.7,1,1,2010,4,23,2,4,0,5.139971856103239
4.1,0,1,2010,4,19,0,34,0,0.9506109644449757
8.9,0,1,2010,4,13,18,29,1,4.045559297742911
24.5,1,1,2010,4,15,9,57,0,12.23491091825604
5.7,0,1,2010,4,11,7,3,0,1.5784347517951482
25.47,1,1,2010,4,23,9,53,0,6.7897183682506315
10.5,1,1,2010,4,24,13,25,1,2.9180161814041004
36.5,1,3,2010,4,11,0,45,0,16.45938362496468
6.1,0,1,2010,4,18,11,50,0,1.517173727087081
5.7,0,1,2010,4,16,6,35,0,0.899383098445197
12.1,1,2,2010,4,16,3,38,0,5.495986982611589
6.9,0,1,2010,4,20,9,25,0,0.9612124723475631
3.7,0,2,2010,4,21,10,2,0,0.858262144317677
3.7,0,2,2010,4,17,10,24,0,0.4521807341330552
12.5,1,1,2010,4,13,13,12,1,2.024623052841556
24.5,1,2,2010,4,11,18,1,1,11.342113706437868
36.67,1,1,2010,4,18,9,13,0,8.583991104723367
28.5,1,2,2010,4,24,7,47,0,10.050052582578433
6.5,0,1,2010,4,18,4,11,0,0.9393205366551929
7.7,0,2,2010,4,14,20,15,1,2.4815442924161815
5.7,0,2,2010,4,14,6,40,0,1.8019931935489457
11.3,1,1,2010,4,20,15,31,1,4.355282985329703
11.7,1,1,2010,4,16,9,45,0,1.9849783312840652
12.5,1,1,2010,4,16,20,33,1,5.624689770046248
6.1,0,1,2010,4,12,7,9,0,2.497765363845361
6.5,0,1,2010,4,24,17,34,1,2.0202852137375715
12.5,1,1,2010,4,15,10,30,0,3.895576259800175
5.7,0,1,2010,4,16,10,4,0,1.4369334572232229
10.1,1,3,2010,4,18,11,15,0,2.6686907359445766
7.7,0,1,2010,4,12,16,35,1,1.393696274799325
4.9,0,1,2010,4,16,5,41,0,0.5201007966285549
29.3,1,1,2010,4,12,21,37,1,17.799120511057122
18.9,1,1,2010,4,15,18,45,1,5.730905082039779
4.1,0,1,2010,4,17,8,7,0,0.7760891759401161
10.5,1,1,2010,4,18,8,47,0,3.310182517142561
6.5,0,2,2010,4,23,17,33,1,2.702835299171098
16.5,1,1,2010,4,24,19,13,1,5.884674362654686
14.1,1,1,2010,4,19,12,34,1,5.260703123202135
5.3,0,1,2010,4,20,15,50,1,1.6909187992379042
11.7,1,2,2010,4,19,11,7,0,4.369554309650757
8.1,0,1,2010,4,20,20,6,1,3.8513483734856635
10.5,1,1,2010,4,18,10,53,0,4.006416428648399
7.7,0,1,2010,4,13,10,9,0,3.2697292766615513
9.3,0,1,2010,4,22,7,3,0,3.824608714833806
6.5,0,3,2010,4,12,9,48,0,9.224227321626357
12.1,1,1,2010,4,13,18,18,1,5.219981872587425
10.1,1,2,2010,4,11,15,43,1,1.9708597525733
17.3,1,1,2010,4,18,22,50,1,7.36862277364949
14.9,1,1,2010,4,12,23,31,1,5.542597053386733
13.7,1,2,2010,4,21,4,58,0,5.288693610776606
6.5,0,2,2010,4,13,13,51,1,2.4028353120946475
13.7,1,2,2010,4,23,20,3,1,5.107286310021179
16.1,1,2,2010,4,19,18,53,1,7.562547859789661
14.5,1,1,2010,4,15,17,2,1,7.002471670862538
4.5,0,1,2010,4,12,8,19,0,1.094282866518
16.9,1,1,2010,4,24,19,55,1,6.472134771289959
5.3,0,1,2010,4,12,9,56,0,1.6289188126200858
4.5,0,2,2010,4,14,7,36,0,1.3912956188203036
16.990000000000002,1,2,2010,4,15,18,49,1,9.280913449552289
7.3,0,4,2010,4,24,7,2,0,2.4207641080607054
6.5,0,1,2010,4,22,8,17,0,1.4721728440551556
4.5,0,1,2010,4,17,17,42,1,1.1151376739404368
13.7,1,1,2010,4,22,19,6,1,5.653802808035164
6.5,0,1,2010,4,24,11,34,0,3.050963221332202
14.9,1,5,2010,4,23,0,10,0,7.134901100524127
6.1,0,2,2010,4,16,18,54,1,0.82117808735112
15.7,1,1,2010,4,14,12,13,1,4.934442466487661
12.9,1,2,2010,4,24,22,29,1,6.833152467312839
3.7,0,1,2010,4,11,5,47,0,0.8583127942693578
6.9,0,1,2010,4,22,16,4,1,0.8208538660247056
6.5,0,2,2010,4,24,18,37,1,1.7661062740426297
11.3,1,1,2010,4,24,18,43,1,2.8423948455355625
5.7,0,1,2010,4,14,16,3,1,1.5820835859432334
13.3,1,1,2010,4,18,23,33,1,7.217286260644485
5.3,0,1,2010,4,24,15,31,1,1.4305005697277589
5.7,0,1,2010,4,23,4,23,0,1.036782030247174
10.5,1,2,2010,4,18,2,10,0,3.960970018415601
4.5,0,1,2010,4,16,3,58,0,1.3640844733798139
10.9,1,1,2010,4,20,10,49,0,2.3564021379970987
14.1,1,1,2010,4,16,6,27,0,6.054370702999288
6.1,0,1,2010,4,13,13,8,1,1.3782680891467343
4.9,0,1,2010,4,14,17,9,1,1.1669952556553176
4.9,0,1,2010,4,15,1,34,0,1.9860153963502747
8.5,0,1,2010,4,13,8,57,0,2.2069577271770253
33.07,1,2,2010,4,23,7,11,0,9.657596762971368
4.9,0,1,2010,4,16,22,47,1,0.945459255787854
8.1,0,4,2010,4,21,6,34,0,3.3986872529419156
4.9,0,2,2010,4,11,17,22,1,1.3895023565474482
11.7,1,1,2010,4,19,11,57,0,4.947424577750608
13.3,1,3,2010,4,24,16,0,1,3.6239215840977943
7.3,0,2,2010,4,18,10,0,0,1.4105899732047082
7.3,0,1,2010,4,11,5,54,0,2.3868766782828224
11.3,1,1,2010,4,12,19,48,1,4.473717197034355
5.7,0,1,2010,4,13,4,15,0,1.0098541372313983
4.9,0,1,2010,4,20,7,5,0,0.5803956356994417
6.1,0,2,2010,4,13,19,29,1,1.704114903733145
20.9,1,1,2010,4,16,13,32,1,4.810745646519596
3.7,0,1,2010,4,14,9,11,0,0.24547408866762385
5.3,0,1,2010,4,15,13,41,1,1.1480431468351193
12.1,1,1,2010,4,23,11,38,0,3.1249291861329165
6.9,0,1,2010,4,14,4,40,0,2.0954583619683245
8.1,0,1,2010,4,14,19,26,1,3.6885493826377185
18.9,1,1,2010,4,17,21,39,1,9.103992772167967
3.7,0,1,2010,4,15,16,20,1,0.5509802067357004
6.5,0,1,2010,4,11,16,7,1,0.7677363999039296
6.9,0,1,2010,4,12,18,42,1,2.0100888817903755
6.5,0,1,2010,4,19,10,42,0,2.1862026740466853
33.07,1,1,2010,4,19,6,30,0,10.143505362559628
8.9,0,1,2010,4,12,16,58,1,4.644238791809517
3.7,0,1,2010,4,17,3,45,0,0.5290882550415138
10.1,1,1,2010,4,14,9,6,0,2.2797505458642786
9.3,0,1,2010,4,22,15,6,1,3.8209833486074425
8.1,0,1,2010,4,12,13,27,1,1.700830986066828
5.7,0,1,2010,4,14,16,2,1,1.5316558977563488
4.5,0,2,2010,4,15,0,3,0,0.9500946477072881
34.5,1,1,2010,4,21,16,15,1,14.858887912420355
6.1,0,1,2010,4,23,20,39,1,2.0284068306030356
10.1,1,2,2010,4,11,15,37,1,3.502908460356275
12.9,1,1,2010,4,18,0,25,0,6.5157703374350335
10.1,1,1,2010,4,15,11,7,0,2.963814673728279
4.9,0,1,2010,4,24,14,49,1,1.1371243622176963
4.5,0,1,2010,4,20,6,19,0,1.47869450277252
9.7,0,1,2010,4,22,5,26,0,3.559247612373547
5.3,0,1,2010,4,11,19,55,1,1.999038214934359
10.1,1,1,2010,4,12,16,25,1,3.7206627549281177
3.7,0,1,2010,4,12,18,19,1,3.7899720431735395
4.9,0,2,2010,4,15,13,35,1,1.4489180352038584
13.3,1,2,2010,4,24,16,29,1,4.406075198961594
4.5,0,1,2010,4,17,21,30,1,1.1747573421061854
4.9,0,1,2010,4,18,23,45,1,1.4699072088889484
4.9,0,1,2010,4,15,6,15,0,0.80587538968639
6.9,0,1,2010,4,20,7,32,0,2.694980708101371
9.7,0,2,2010,4,16,3,28,0,3.844447719377435
7.7,0,1,2010,4,23,21,49,1,2.212932547002096
4.5,0,2,2010,4,21,15,14,1,0.7952580223296958
4.9,0,2,2010,4,19,19,57,1,1.2679172185369478
7.7,0,1,2010,4,14,14,50,1,2.648146403441458
6.9,0,1,2010,4,11,3,3,0,2.989052327200527
4.9,0,1,2010,4,17,10,22,0,0.835305023527297
9.7,0,1,2010,4,21,10,9,0,3.6813884291379386
9.3,0,1,2010,4,19,13,57,1,2.6520404624257323
11.3,1,1,2010,4,12,21,1,1,1.0038030953008024
4.9,0,1,2010,4,24,9,18,0,0.6495696338829082
8.1,0,2,2010,4,24,11,31,0,2.484105631318868
12.5,1,1,2010,4,12,17,1,1,5.517912037954739
4.9,0,1,2010,4,19,9,46,0,1.6644852029919233
17.3,1,1,2010,4,20,14,16,1,8.883061523912138
14.5,1,1,2010,4,13,5,52,0,5.5693739636172355
3.7,0,1,2010,4,15,16,1,1,0.8195962744846396
28.67,1,1,2010,4,22,7,4,0,10.692423547180148
9.3,0,1,2010,4,13,18,12,1,4.064222291598629
11.7,1,1,2010,4,19,18,56,1,4.5987079171330505
15.87,1,1,2010,4,17,19,55,1,4.12412009100488
12.5,1,1,2010,4,21,0,8,0,6.22171796159444
11.7,1,1,2010,4,24,16,10,1,1.440595238429248
4.5,0,1,2010,4,12,14,18,1,1.3219792820050793
6.9,0,1,2010,4,21,3,41,0,2.5606688211358057
14.5,1,3,2010,4,11,6,20,0,3.1428353962267233
15.3,1,1,2010,4,13,13,57,1,5.0925869650753075
6.9,0,2,2010,4,16,20,5,1,3.0047044279329347
8.5,0,1,2010,4,14,12,4,1,2.6470322837965035
8.1,0,5,2010,4,22,19,1,1,1.9740795043613333
4.5,0,1,2010,4,21,14,2,1,0.6008687158493871
34.67,1,2,2010,4,18,10,8,0,12.768575380672733
7.3,0,1,2010,4,19,10,20,0,1.4351681400131953
6.1,0,1,2010,4,12,2,6,0,2.1929187669660934
4.9,0,1,2010,4,12,21,35,1,1.2893084779520105
5.7,0,2,2010,4,22,5,42,0,1.3465527469910443
6.9,0,2,2010,4,13,15,39,1,2.4983936498371055
12.5,1,1,2010,4,23,5,44,0,3.177891277592548
8.5,0,1,2010,4,23,22,18,1,4.039925048242345
9.7,0,1,2010,4,22,18,33,1,2.0667913505845816
22.5,1,1,2010,4,23,20,20,1,5.518084284176642
8.1,0,1,2010,4,16,17,8,1,2.9527462105937823
6.1,0,1,2010,4,11,16,11,1,1.2886133533071327
14.1,1,1,2010,4,22,21,4,1,6.229312254424385
6.5,0,1,2010,4,16,14,9,1,1.7049616803747916
4.1,0,1,2010,4,13,2,28,0,0.9354656357172835
14.5,1,1,2010,4,22,22,52,1,6.680669026795487
10.1,1,1,2010,4,17,15,44,1,1.770868827488038
3.7,0,1,2010,4,17,14,47,1,0.7823946390944481
4.1,0,1,2010,4,18,13,44,1,4.957488314457603
4.5,0,1,2010,4,24,16,56,1,1.1546338029046541
4.9,0,1,2010,4,14,2,28,0,0.8917916340092399
5.3,0,1,2010,4,16,15,55,1,1.3093048331122163
4.9,0,1,2010,4,20,9,18,0,0.7940528547368216
8.9,0,1,2010,4,16,19,27,1,3.08072180872311
14.5,1,2,2010,4,23,22,21,1,5.790761646771264
3.3,0,2,2010,4,19,13,55,1,0.6555911373156881
5.3,0,1,2010,4,12,23,3,1,1.7116601057610519
5.7,0,1,2010,4,15,10,20,0,1.2859180454433345
8.1,0,1,2010,4,16,22,48,1,2.78010872232263
12.1,1,1,2010,4,24,1,32,0,5.617702825553187
43.7,1,1,2010,4,12,19,35,1,20.204823860133867
10.5,1,3,2010,4,20,21,49,1,3.4323460967066177
3.7,0,2,2010,4,18,15,52,1,0.6034390682930612
3.7,0,1,2010,4,13,13,41,1,0.6702411714694837
26.1,1,1,2010,4,23,15,17,1,13.838174121898543
9.7,0,1,2010,4,13,8,38,0,3.1530832939585918
12.1,1,2,2010,4,17,17,2,1,5.379872179265028
3.7,0,1,2010,4,14,6,16,0,0.5173265084327071
6.5,0,1,2010,4,20,2,47,0,2.461636001630165
4.1,0,1,2010,4,11,14,44,1,0.7802103083092748
11.3,1,2,2010,4,20,18,36,1,5.081993006499356
6.5,0,1,2010,4,12,5,34,0,1.8425324207139058
6.9,0,1,2010,4,15,23,8,1,1.9176178396734662
10.9,1,1,2010,4,16,11,52,0,3.281590791668085
6.9,0,1,2010,4,18,1,27,0,1.712515617394529
18.5,1,1,2010,4,23,1,59,0,7.850067560898441
8.1,0,3,2010,4,15,5,55,0,2.205743278728128
32.67,1,1,2010,4,11,9,19,0,4.817990148278521
5.3,0,1,2010,4,16,18,58,1,1.458881249903395
3.7,0,1,2010,4,21,21,16,1,1.1117940058261844
6.5,0,1,2010,4,13,14,17,1,2.0903174748084004
